{
  "Philadelphia": {
    "centers": [
      [
        39.97970412696282,
        -75.13370188081134
      ],
      [
        40.04161071797017,
        -75.06464343215625
      ],
      [
        39.95861867222467,
        -75.21210387207705
      ],
      [
        40.038117122824275,
        -75.14777406265797
      ],
      [
        39.89259388740177,
        -75.23959056599381
      ],
      [
        40.08621789727396,
        -75.01250253656566
      ],
      [
        39.9441427422727,
        -75.16244079957416
      ],
      [
        40.039019229948565,
        -75.21297704775783
      ]
    ],
    "n": 4373,
    "inertia": 2.2376314350376467
  },
  "Tampa": {
    "centers": [
      [
        28.054090541926836,
        -82.50935200788503
      ],
      [
        27.96342266946616,
        -82.45703335526109
      ],
      [
        28.056133182262197,
        -82.42992705645202
      ],
      [
        28.02891465122852,
        -82.58908876094074
      ],
      [
        28.14056105529099,
        -82.35259641447747
      ],
      [
        27.966803251447935,
        -82.52263703157905
      ],
      [
        27.963706443291837,
        -82.3637779314483
      ],
      [
        27.91727552102346,
        -82.49924132250118
      ]
    ],
    "n": 2502,
    "inertia": 2.2956131396169024
  },
  "Tucson": {
    "centers": [
      [
        32.34419976183563,
        -111.06339527885288
      ],
      [
        32.237608951501194,
        -110.8813584082432
      ],
      [
        32.23329588899363,
        -110.96248565099346
      ],
      [
        32.10480219150441,
        -110.78724705980588
      ],
      [
        32.222147096989275,
        -110.81726725959808
      ],
      [
        32.45900917100417,
        -110.9397497188875
      ],
      [
        32.301534296701035,
        -110.97212764668379
      ],
      [
        32.1541005696398,
        -110.97790789654984
      ]
    ],
    "n": 2147,
    "inertia": 2.985057078419784
  }
}