{
  "MF": {
    "AUC": 0.7854,
    "NDCG@10": 0.2677,
    "Recall@10": 0.4651,
    "epochs_trained": 10
  },
  "FM": {
    "AUC": 0.8302167398866906,
    "NDCG@10": 0.27199600639719707,
    "Recall@10": 0.4748685657978058,
    "epochs_trained": 10
  }
}