{
  "MF": {
    "AUC": 0.7853671433293179,
    "NDCG@10": 0.26769087753775006,
    "Recall@10": 0.465097039937973,
    "epochs_trained": 10
  },
  "FM": {
    "AUC": 0.8298874866006276,
    "NDCG@10": 0.2719613639252573,
    "Recall@10": 0.474719762802124,
    "epochs_trained": 10
  }
}