{
  "epoch": [
    1,
    2,
    3,
    4,
    5,
    6,
    7,
    8,
    9,
    10
  ],
  "train_loss": [
    0.40407055921441926,
    0.3198221938347253,
    0.31162613031901715,
    0.298549335655265,
    0.28248589151487574,
    0.2668241044785094,
    0.2530340887899474,
    0.24061274270373068,
    0.22904022636376029,
    0.21875728678515577
  ],
  "val_auc": [
    0.8073298401234533,
    0.8027488432832236,
    0.8084791288858867,
    0.8129999790147574,
    0.8230886347946942,
    0.8275421964284186,
    0.8300616978703341,
    0.825438623312744,
    0.8317841045020908,
    0.8313133783212977
  ],
  "val_ndcg10": [
    0.2642449308923621,
    0.2675221204468029,
    0.27308136338040245,
    0.29442263554211323,
    0.30959556749929346,
    0.31667800324431294,
    0.3189667851894673,
    0.31127195084944587,
    0.3198360004691089,
    0.3190451412637992
  ],
  "val_recall10": [
    0.464088499546051,
    0.46699845790863037,
    0.4770510196685791,
    0.5085810422897339,
    0.5268675088882446,
    0.5356800556182861,
    0.5379948019981384,
    0.5284051299095154,
    0.5396646857261658,
    0.5377632975578308
  ],
  "best_ndcg10": 0.3198360004691089,
  "config": {
    "emb_dim": 8,
    "dropout": 0.2,
    "l2": 0.0001,
    "epochs": 10
  }
}