{
  "epoch": [
    1,
    2,
    3,
    4,
    5,
    6,
    7,
    8,
    9,
    10
  ],
  "train_loss": [
    0.6888631845083762,
    0.3230483226888762,
    0.30551827082953115,
    0.2932624813374572,
    0.2851229662031639,
    0.27856557106408547,
    0.27304915291821863,
    0.26718912678440726,
    0.2622569054951818,
    0.2582361021731782
  ],
  "val_auc": [
    0.7937559889319488,
    0.8125876722929396,
    0.8325521718916207,
    0.8394346032535406,
    0.8332968453679954,
    0.8433522699069776,
    0.8405868030540659,
    0.8423221911241863,
    0.8464339555576245,
    0.8426006418072662
  ],
  "val_ndcg10": [
    0.26196315353097216,
    0.27945819583004616,
    0.2960202622899928,
    0.3057467738251943,
    0.3073675799231946,
    0.31877740012822114,
    0.32063427073428563,
    0.3159224373998525,
    0.3232572385423988,
    0.3196309962434362
  ],
  "val_recall10": [
    0.45883071422576904,
    0.486872136592865,
    0.5125988125801086,
    0.5250653028488159,
    0.523163914680481,
    0.5401276350021362,
    0.540623664855957,
    0.5371184945106506,
    0.5480638742446899,
    0.5419132709503174
  ],
  "best_ndcg10": 0.3232572385423988,
  "config": {
    "emb_dim": 32,
    "dropout": 0.2,
    "l2": 0.0001,
    "epochs": 10
  }
}