{
  "epoch": [
    1,
    2,
    3,
    4,
    5,
    6,
    7,
    8,
    9,
    10
  ],
  "train_loss": [
    0.49846274270786073,
    0.3250564132619092,
    0.3190872267944606,
    0.3126490434089045,
    0.3042257646406729,
    0.2936991449650817,
    0.279118989396283,
    0.266191186750029,
    0.2557080940116109,
    0.2448253917295163
  ],
  "val_auc": [
    0.8082114091016418,
    0.7999329225096231,
    0.7980755327427689,
    0.7994487784018107,
    0.8007829676786783,
    0.8059903734189104,
    0.8115499889308654,
    0.812284183992768,
    0.8194338142458291,
    0.8189512257346109
  ],
  "val_ndcg10": [
    0.2661715922381677,
    0.26853495326033966,
    0.2685557213465318,
    0.2712561913600997,
    0.2767915435367248,
    0.28978388557028045,
    0.3022732897720147,
    0.3015677822215912,
    0.30789699851398916,
    0.30760224138605535
  ],
  "val_recall10": [
    0.46451836824417114,
    0.46838727593421936,
    0.46751099824905396,
    0.4714791178703308,
    0.4797460436820984,
    0.4993882477283478,
    0.5133923888206482,
    0.5132436156272888,
    0.5224198698997498,
    0.5204854607582092
  ],
  "best_ndcg10": 0.30789699851398916,
  "config": {
    "emb_dim": 4,
    "dropout": 0.2,
    "l2": 0.0001,
    "epochs": 10
  }
}