{
  "epoch": [
    1,
    2,
    3,
    4,
    5,
    6,
    7,
    8,
    9,
    10
  ],
  "train_loss": [
    0.669185353545692,
    0.3188295702295979,
    0.2993202518055758,
    0.2806123030467296,
    0.26269729928238184,
    0.2488347182241012,
    0.23730430851771137,
    0.22737987104832658,
    0.21928611650006977,
    0.21155176528795497
  ],
  "val_auc": [
    0.7881259934942343,
    0.7932065935475766,
    0.8035252393928847,
    0.8093041723153324,
    0.815103775483152,
    0.821433732033428,
    0.8203419281564922,
    0.8247594949807927,
    0.8225243659173147,
    0.8256565858864621
  ],
  "val_ndcg10": [
    0.26512047153254703,
    0.272833516618007,
    0.2812479685507878,
    0.2864222420618395,
    0.28970907677427576,
    0.29339506441964686,
    0.2934064796563487,
    0.29477615044781785,
    0.2938336886813978,
    0.29820014042356585
  ],
  "val_recall10": [
    0.4638404846191406,
    0.47681954503059387,
    0.48864126205444336,
    0.4949240982532501,
    0.5016533732414246,
    0.5068119168281555,
    0.5083330869674683,
    0.5092424154281616,
    0.5060844421386719,
    0.5106643438339233
  ],
  "best_ndcg10": 0.29820014042356585,
  "best_auc": 0.8256565858864621,
  "best_recall10": 0.5106643438339233,
  "config": {
    "emb_dim": 32,
    "dropout": 0.4,
    "l2": 1e-05,
    "lr": 0.001,
    "epochs": 10
  }
}