{
  "epoch": [
    1,
    2,
    3,
    4,
    5,
    6,
    7,
    8,
    9,
    10
  ],
  "train_loss": [
    0.6670246930338266,
    0.31409657705487226,
    0.2893989229296136,
    0.2629550113452701,
    0.2378515602331462,
    0.21626146043848804,
    0.20051061714024054,
    0.18787566126566232,
    0.17790144681930542,
    0.16814278998947518
  ],
  "val_auc": [
    0.7862698187626432,
    0.8009306257651662,
    0.8174599139478138,
    0.8123948869417728,
    0.8240651840152579,
    0.8261262515429123,
    0.8282764496983812,
    0.8286690703853107,
    0.8201693603201154,
    0.826555935496804
  ],
  "val_ndcg10": [
    0.2605545660477261,
    0.2778793923966517,
    0.2949741192448793,
    0.2933110827523128,
    0.295803932427514,
    0.29183980374178137,
    0.28859321579355895,
    0.2980811503954009,
    0.2813747729785216,
    0.28707083336368133
  ],
  "val_recall10": [
    0.4574088156223297,
    0.486111581325531,
    0.5084322690963745,
    0.5045964121818542,
    0.5129956007003784,
    0.5103832483291626,
    0.5121688842773438,
    0.5183690786361694,
    0.5033729076385498,
    0.5062001943588257
  ],
  "best_ndcg10": 0.2980811503954009,
  "best_auc": 0.8286690703853107,
  "best_recall10": 0.5183690786361694,
  "config": {
    "emb_dim": 32,
    "dropout": 0.1,
    "l2": 1e-05,
    "lr": 0.001,
    "epochs": 10
  }
}