{
  "epoch": [
    1,
    2,
    3,
    4,
    5,
    6,
    7,
    8,
    9,
    10
  ],
  "train_loss": [
    0.6693312753373244,
    0.3206999802917946,
    0.3048022856393198,
    0.2926980677082783,
    0.28198219800558616,
    0.27286777105622406,
    0.26654213138921995,
    0.2604656849555143,
    0.25360176325079026,
    0.24742881185191823
  ],
  "val_auc": [
    0.7970700444270606,
    0.8089084438509341,
    0.8231749269705297,
    0.8310302696514378,
    0.8387025846263418,
    0.8393241222959384,
    0.8501667851262925,
    0.8476628943984783,
    0.8385731464744207,
    0.8417640665935161
  ],
  "val_ndcg10": [
    0.2623601614031567,
    0.2733438358889526,
    0.2890554650896889,
    0.3046474796685018,
    0.3169766632906335,
    0.3159398660689008,
    0.3227643852242265,
    0.3244958690367002,
    0.3156230798642612,
    0.3255298957253738
  ],
  "val_recall10": [
    0.4591614007949829,
    0.47845640778541565,
    0.4988757073879242,
    0.5194603204727173,
    0.5360437631607056,
    0.5378624796867371,
    0.5490724444389343,
    0.5491551160812378,
    0.5358453989028931,
    0.5510234236717224
  ],
  "best_ndcg10": 0.3255298957253738,
  "best_auc": 0.8501667851262925,
  "best_recall10": 0.5510234236717224,
  "config": {
    "emb_dim": 32,
    "dropout": 0.1,
    "l2": 0.0001,
    "lr": 0.001,
    "epochs": 10
  }
}