{
  "epoch": [
    1,
    2,
    3,
    4,
    5,
    6,
    7,
    8,
    9,
    10
  ],
  "train_loss": [
    0.6689058091696791,
    0.32280690686439906,
    0.30629802724038524,
    0.29556309543256687,
    0.28743922593086724,
    0.2817233624890095,
    0.2777387515062422,
    0.2728255495546371,
    0.26883056660102106,
    0.26413263814655813
  ],
  "val_auc": [
    0.7952555742958525,
    0.8111114514068057,
    0.827336561692211,
    0.8288001935059333,
    0.8409441748673068,
    0.8309420511312201,
    0.8429245859163051,
    0.8437613386342637,
    0.8379026241240471,
    0.8402398574392435
  ],
  "val_ndcg10": [
    0.26251693613073085,
    0.2773463499687691,
    0.290627848232554,
    0.2999906336835757,
    0.31508420887404126,
    0.3029309247877605,
    0.31570646439079375,
    0.320349798958451,
    0.31646519205841317,
    0.31958190711579315
  ],
  "val_recall10": [
    0.45937633514404297,
    0.48321813344955444,
    0.5018352270126343,
    0.5145828723907471,
    0.5353824496269226,
    0.5207003951072693,
    0.539548933506012,
    0.543120265007019,
    0.5387718677520752,
    0.5418967604637146
  ],
  "best_ndcg10": 0.320349798958451,
  "best_auc": 0.8437613386342637,
  "best_recall10": 0.543120265007019,
  "config": {
    "emb_dim": 32,
    "dropout": 0.3,
    "l2": 0.0001,
    "lr": 0.001,
    "epochs": 10
  }
}