{
  "epoch": [
    1,
    2,
    3,
    4,
    5,
    6,
    7,
    8,
    9,
    10
  ],
  "train_loss": [
    0.6667876018313911,
    0.33140273685530414,
    0.32552627479936197,
    0.31756295240300847,
    0.31288152217395665,
    0.31019564102015157,
    0.30832537891357903,
    0.307681599939902,
    0.3061944104320421,
    0.30558887112328387
  ],
  "val_auc": [
    0.8102522174024118,
    0.8185741134807226,
    0.8254345006192116,
    0.8362505306527426,
    0.8430147654158051,
    0.8406723471679706,
    0.8473200565026954,
    0.8477728537643695,
    0.8490287986184306,
    0.8510862790053619
  ],
  "val_ndcg10": [
    0.2573271772170683,
    0.26221560830989094,
    0.2718437652158712,
    0.28338407302420576,
    0.292370696711442,
    0.2891630133295085,
    0.2935469651596631,
    0.2971745907283743,
    0.3001277119701041,
    0.3033431286469482
  ],
  "val_recall10": [
    0.4528619945049286,
    0.4612942636013031,
    0.47257035970687866,
    0.4906914532184601,
    0.5041665434837341,
    0.49996691942214966,
    0.506613552570343,
    0.5085976123809814,
    0.5134420394897461,
    0.5162362456321716
  ],
  "best_ndcg10": 0.3033431286469482,
  "best_auc": 0.8510862790053619,
  "best_recall10": 0.5162362456321716,
  "config": {
    "emb_dim": 32,
    "dropout": 0.2,
    "l2": 0.001,
    "lr": 0.001,
    "epochs": 10
  }
}