{
  "epoch": [
    1,
    2,
    3,
    4,
    5,
    6,
    7,
    8,
    9,
    10
  ],
  "train_loss": [
    0.6679947441957128,
    0.3309357229649551,
    0.3267140790937454,
    0.32054013365835654,
    0.3136873911684892,
    0.30945607444902107,
    0.30780715325216607,
    0.30668794745066036,
    0.3051907975138642,
    0.30472985250274026
  ],
  "val_auc": [
    0.8094283571649964,
    0.8186586551458022,
    0.8227426115898531,
    0.8323768419005566,
    0.8400792286116416,
    0.8385858065645313,
    0.8478405234035725,
    0.8481627645126655,
    0.8498855777834986,
    0.8501232483167727
  ],
  "val_ndcg10": [
    0.2567582297040659,
    0.26297185689788377,
    0.26763080453729143,
    0.2788702782588779,
    0.29008028906240924,
    0.2873004875978708,
    0.2948123228031722,
    0.2976078464141966,
    0.30091262180834455,
    0.3026172861217615
  ],
  "val_recall10": [
    0.45231640338897705,
    0.46164149045944214,
    0.46595680713653564,
    0.48445817828178406,
    0.5014549493789673,
    0.4975695312023163,
    0.5074567794799805,
    0.509490430355072,
    0.5150127410888672,
    0.5159717202186584
  ],
  "best_ndcg10": 0.3026172861217615,
  "best_auc": 0.8501232483167727,
  "best_recall10": 0.5159717202186584,
  "config": {
    "emb_dim": 32,
    "dropout": 0.1,
    "l2": 0.001,
    "lr": 0.001,
    "epochs": 10
  }
}