{
  "epoch": [
    1,
    2,
    3,
    4,
    5,
    6,
    7,
    8,
    9,
    10
  ],
  "train_loss": [
    0.6675669882945189,
    0.33308610179292875,
    0.32650370602532636,
    0.31735333964580625,
    0.3113790186136726,
    0.30862432624411396,
    0.30651388182414796,
    0.30517659729390634,
    0.3036738946212558,
    0.30253614579129406
  ],
  "val_auc": [
    0.8031576703366095,
    0.8124140909515198,
    0.8183862158172689,
    0.8311492556681138,
    0.8403957315215916,
    0.8334080886578916,
    0.841798592602074,
    0.8457573396628131,
    0.8485947751846415,
    0.8499207178125334
  ],
  "val_ndcg10": [
    0.2568924128305754,
    0.2615587295829908,
    0.27092736628318836,
    0.28179557450840026,
    0.29478910529077096,
    0.28916510438192633,
    0.29479686999825433,
    0.30101480693458216,
    0.3030303123821717,
    0.3078031057638563
  ],
  "val_recall10": [
    0.4527793526649475,
    0.4597401022911072,
    0.47095003724098206,
    0.4870043992996216,
    0.5061175227165222,
    0.49796634912490845,
    0.5068119168281555,
    0.5129294395446777,
    0.5168314576148987,
    0.5217419862747192
  ],
  "best_ndcg10": 0.3078031057638563,
  "best_auc": 0.8499207178125334,
  "best_recall10": 0.5217419862747192,
  "config": {
    "emb_dim": 32,
    "dropout": 0.4,
    "l2": 0.0005,
    "lr": 0.001,
    "epochs": 10
  }
}