{
  "epoch": [
    1,
    2,
    3,
    4,
    5,
    6,
    7,
    8,
    9,
    10
  ],
  "train_loss": [
    0.6689988801798482,
    0.32148552539311054,
    0.3050575066269852,
    0.29314486025355935,
    0.2842124810838324,
    0.2767894142490672,
    0.2711938349750098,
    0.26499580134322326,
    0.25977416371736,
    0.2547265243694538
  ],
  "val_auc": [
    0.7977999752819176,
    0.8084340238137209,
    0.8260277179221454,
    0.8283313845517323,
    0.8393264927225323,
    0.8332385799422367,
    0.8435920895215855,
    0.8420622157345423,
    0.8412776851341113,
    0.8378861948522003
  ],
  "val_ndcg10": [
    0.263011811673274,
    0.2748632903965543,
    0.28962450071506873,
    0.301398685196103,
    0.3124289778791351,
    0.30982741294475924,
    0.31909172319515805,
    0.32187234034198836,
    0.32186089522738603,
    0.31718042081287534
  ],
  "val_recall10": [
    0.46045103669166565,
    0.480605810880661,
    0.5005125403404236,
    0.5162362456321716,
    0.5318772792816162,
    0.5292152762413025,
    0.5431367754936218,
    0.5443768501281738,
    0.5462616682052612,
    0.5390859842300415
  ],
  "best_ndcg10": 0.32187234034198836,
  "best_auc": 0.8435920895215855,
  "best_recall10": 0.5462616682052612,
  "config": {
    "emb_dim": 32,
    "dropout": 0.2,
    "l2": 0.0001,
    "lr": 0.001,
    "epochs": 10
  }
}