{
  "epoch": [
    1,
    2,
    3,
    4,
    5,
    6,
    7,
    8,
    9,
    10
  ],
  "train_loss": [
    0.6717789691733563,
    0.3212274616862845,
    0.3044973272742249,
    0.2904286686125703,
    0.27615653676545526,
    0.26383482183762424,
    0.25365335165750325,
    0.2455178980282911,
    0.2382669582024334,
    0.23152825289119885
  ],
  "val_auc": [
    0.7878027292901273,
    0.7895973354680447,
    0.7937567949368556,
    0.802262703646829,
    0.8093299510469413,
    0.8120484914455809,
    0.8132508917435924,
    0.8165318230448018,
    0.8193458713330433,
    0.8202944307662003
  ],
  "val_ndcg10": [
    0.2658380680339623,
    0.2721409854685369,
    0.2731745239878408,
    0.28018386819463104,
    0.2823535536975079,
    0.283319410806465,
    0.2845227749477937,
    0.287414859491156,
    0.2888984326673813,
    0.2914279409847436
  ],
  "val_recall10": [
    0.46420422196388245,
    0.4750504195690155,
    0.47483548521995544,
    0.48664066195487976,
    0.49140238761901855,
    0.49265897274017334,
    0.4934195280075073,
    0.49672630429267883,
    0.5004298686981201,
    0.5017856359481812
  ],
  "best_ndcg10": 0.2914279409847436,
  "best_auc": 0.8202944307662003,
  "best_recall10": 0.5017856359481812,
  "config": {
    "emb_dim": 32,
    "dropout": 0.5,
    "l2": 1e-05,
    "lr": 0.001,
    "epochs": 10
  }
}