{
  "epoch": [
    1,
    2,
    3,
    4,
    5,
    6,
    7,
    8,
    9,
    10
  ],
  "train_loss": [
    0.6680090599876689,
    0.31771822778258735,
    0.2964561838568665,
    0.2752351042792553,
    0.2563049896495549,
    0.23995537533769457,
    0.2267442741027967,
    0.2154172982169887,
    0.20556464204638022,
    0.1964395289697985
  ],
  "val_auc": [
    0.7868050025028439,
    0.7961389142597858,
    0.8040400380906391,
    0.8055850115067933,
    0.8168990581613269,
    0.8204144080677931,
    0.8211818220249086,
    0.8208247194957385,
    0.820712944013527,
    0.8240841073644064
  ],
  "val_ndcg10": [
    0.2635050907654576,
    0.2738695369450019,
    0.2813957311349136,
    0.2840518679949843,
    0.29047139507787145,
    0.29374202114785186,
    0.2924337584619823,
    0.2898899476819164,
    0.2940740704279796,
    0.29303880576497504
  ],
  "val_recall10": [
    0.4616745412349701,
    0.4782249331474304,
    0.48877352476119995,
    0.4908071756362915,
    0.5023312568664551,
    0.505092442035675,
    0.5064482092857361,
    0.5017029643058777,
    0.5072418451309204,
    0.5071095824241638
  ],
  "best_ndcg10": 0.2940740704279796,
  "best_auc": 0.8240841073644064,
  "best_recall10": 0.5072418451309204,
  "config": {
    "emb_dim": 32,
    "dropout": 0.3,
    "l2": 1e-05,
    "lr": 0.001,
    "epochs": 10
  }
}