{
  "epoch": [
    1,
    2,
    3,
    4,
    5,
    6,
    7,
    8,
    9,
    10
  ],
  "train_loss": [
    0.6679109564916356,
    0.33381133684961817,
    0.32900265105596677,
    0.32323435746778656,
    0.3169402803961686,
    0.3131387787541067,
    0.3112716302862318,
    0.30968218009302934,
    0.3087402656087725,
    0.30762144301350663
  ],
  "val_auc": [
    0.8028079058308091,
    0.8108278190466521,
    0.8136745324030594,
    0.8218445000329141,
    0.8344323618632254,
    0.8324384471628615,
    0.8405352576411315,
    0.8412255463910695,
    0.8428939536127602,
    0.8433953021702493
  ],
  "val_ndcg10": [
    0.256764282929018,
    0.26082440699168985,
    0.2642037544542202,
    0.2705485184599234,
    0.2884053785835612,
    0.28626145465823016,
    0.29204251658231706,
    0.2942346203180296,
    0.2942394154764649,
    0.29878865893042045
  ],
  "val_recall10": [
    0.45287853479385376,
    0.4579874873161316,
    0.460864394903183,
    0.4708673655986786,
    0.4985450208187103,
    0.4943785071372986,
    0.5035051703453064,
    0.5042161345481873,
    0.5059852600097656,
    0.5083330869674683
  ],
  "best_ndcg10": 0.29878865893042045,
  "best_auc": 0.8433953021702493,
  "best_recall10": 0.5083330869674683,
  "config": {
    "emb_dim": 32,
    "dropout": 0.5,
    "l2": 0.0005,
    "lr": 0.001,
    "epochs": 10
  }
}