{
  "epoch": [
    1,
    2,
    3,
    4,
    5,
    6,
    7,
    8,
    9,
    10
  ],
  "train_loss": [
    0.5527092755779507,
    0.3249483054547798,
    0.3162800182742397,
    0.30360197082279233,
    0.2894163213846252,
    0.27863332594004203,
    0.2688444701470728,
    0.26025581060666736,
    0.2517082184905142,
    0.24362076373081507
  ],
  "val_auc": [
    0.8046306226054702,
    0.8080377995480899,
    0.8119950166894999,
    0.8259997622532771,
    0.8277666967861799,
    0.8286921660318621,
    0.8327371000355543,
    0.8297648645572943,
    0.833720486353295,
    0.8386258135660578
  ],
  "val_ndcg10": [
    0.2629623041757477,
    0.2662105139875368,
    0.27497253682164524,
    0.2924420798510434,
    0.3107827336738924,
    0.31471020606217026,
    0.3158548942974083,
    0.3187498771285231,
    0.31885270645365044,
    0.32077087640807656
  ],
  "val_recall10": [
    0.4611620008945465,
    0.4671803116798401,
    0.47796037793159485,
    0.5053073763847351,
    0.5298766493797302,
    0.5357792377471924,
    0.5388380289077759,
    0.5402598977088928,
    0.5400615334510803,
    0.5461128950119019
  ],
  "best_ndcg10": 0.32077087640807656,
  "best_auc": 0.8386258135660578,
  "best_recall10": 0.5461128950119019,
  "config": {
    "emb_dim": 16,
    "dropout": 0.2,
    "l2": 0.0001,
    "lr": 0.001,
    "epochs": 10
  }
}