{
  "epoch": [
    1,
    2,
    3,
    4,
    5,
    6,
    7,
    8,
    9,
    10
  ],
  "train_loss": [
    0.4040569867205432,
    0.31966605559578093,
    0.31118003366969704,
    0.29740723967552185,
    0.28105159901727844,
    0.26587767453174893,
    0.2524551623097555,
    0.24067177030983872,
    0.2292107008104249,
    0.21927912832479776
  ],
  "val_auc": [
    0.8074644498847732,
    0.80352209077589,
    0.8091938378636617,
    0.8155875068383849,
    0.8239718155093281,
    0.829867598629609,
    0.8314366526952894,
    0.8269897389466505,
    0.8309936436683837,
    0.8339483070252598
  ],
  "val_ndcg10": [
    0.2640877520547299,
    0.2674872445808802,
    0.27489148458585744,
    0.2978725734288908,
    0.31214944801629396,
    0.3172676978190431,
    0.32009622976774627,
    0.3126076718330972,
    0.3180379058423452,
    0.319106094668668
  ],
  "val_recall10": [
    0.4635924696922302,
    0.4668661653995514,
    0.4793657660484314,
    0.5130286812782288,
    0.5306041240692139,
    0.5359941720962524,
    0.5398135185241699,
    0.5305049419403076,
    0.5375483632087708,
    0.5397142767906189
  ],
  "config": {
    "emb_dim": 8,
    "dropout": 0.2,
    "l2": 0.0001,
    "lr": 0.001,
    "epochs": 10
  },
  "best_ndcg10": 0.32009622976774627
}