{
  "epoch": [
    1,
    2,
    3,
    4,
    5,
    6,
    7,
    8,
    9,
    10
  ],
  "train_loss": [
    0.6672229939323711,
    0.33313055735404096,
    0.32819525862303306,
    0.3221688173183306,
    0.3161591420492788,
    0.3133327287482464,
    0.3114718743196623,
    0.3103470771800815,
    0.30923700473439975,
    0.30883100734451624
  ],
  "val_auc": [
    0.8093711609671767,
    0.8179900965387653,
    0.8222526767354887,
    0.830882488535533,
    0.8406989739009939,
    0.8387345406662166,
    0.8455161725316187,
    0.8453847479440536,
    0.8476331419064451,
    0.8478708264560432
  ],
  "val_ndcg10": [
    0.25630698548901604,
    0.26024040891306344,
    0.2666835199305918,
    0.2761005377744027,
    0.287778404406923,
    0.2865100455119322,
    0.29130859840652956,
    0.2937100849784703,
    0.2955593931585531,
    0.2973229460018428
  ],
  "val_recall10": [
    0.4520518481731415,
    0.4581032395362854,
    0.4657418727874756,
    0.479845255613327,
    0.4987599551677704,
    0.4965113699436188,
    0.50401771068573,
    0.5040012001991272,
    0.5078370571136475,
    0.5084653496742249
  ],
  "best_ndcg10": 0.2973229460018428,
  "best_auc": 0.8478708264560432,
  "best_recall10": 0.5084653496742249,
  "config": {
    "emb_dim": 32,
    "dropout": 0.4,
    "l2": 0.001,
    "lr": 0.001,
    "epochs": 10
  }
}