{
  "epoch": [
    1,
    2,
    3,
    4,
    5,
    6,
    7,
    8,
    9,
    10
  ],
  "train_loss": [
    0.6674292655441705,
    0.3323777853034613,
    0.3246158867135761,
    0.31413649632705476,
    0.30852256011305834,
    0.30507810026641907,
    0.3033631445150676,
    0.3016898641436119,
    0.30020307907907984,
    0.29900399777363607
  ],
  "val_auc": [
    0.8037760073112223,
    0.8136817906140116,
    0.8279714810302864,
    0.8341839811076796,
    0.8409337742522696,
    0.8359115011324911,
    0.845409937921018,
    0.8472093183251125,
    0.8486662572695222,
    0.8476280376284189
  ],
  "val_ndcg10": [
    0.25748891542837504,
    0.26201774803906686,
    0.27811381032177296,
    0.28439546560832174,
    0.29707162087357264,
    0.2932818424094815,
    0.2988535883109944,
    0.3045521315097104,
    0.3073424881870126,
    0.3082204134051202
  ],
  "val_recall10": [
    0.453490287065506,
    0.46069905161857605,
    0.4834165573120117,
    0.4910717308521271,
    0.5078204870223999,
    0.5043814778327942,
    0.5131444334983826,
    0.5180549621582031,
    0.5221388339996338,
    0.5218246579170227
  ],
  "best_ndcg10": 0.3082204134051202,
  "best_auc": 0.8486662572695222,
  "best_recall10": 0.5221388339996338,
  "config": {
    "emb_dim": 32,
    "dropout": 0.3,
    "l2": 0.0005,
    "lr": 0.001,
    "epochs": 10
  }
}