{
  "epoch": [
    1,
    2,
    3,
    4,
    5,
    6,
    7,
    8,
    9,
    10
  ],
  "train_loss": [
    0.6619650326141222,
    0.32032279869702857,
    0.3084976368063078,
    0.2990349642639085,
    0.28945127352485506,
    0.28516195667540933,
    0.2832842777798495,
    0.2817678194581054,
    0.2802701224022963,
    0.27923378184085756
  ],
  "val_auc": [
    0.7902546887446615,
    0.8056873081875097,
    0.8162889901690288,
    0.828192966942288,
    0.844505163874514,
    0.8263665826594659,
    0.8451816070062573,
    0.8475150088200919,
    0.8479158585168564,
    0.844653389961767
  ],
  "val_ndcg10": [
    0.2573978708481455,
    0.268949094488786,
    0.2822089233705958,
    0.30213038855234536,
    0.3173495681566781,
    0.2993319432362948,
    0.31924561466129425,
    0.3233676958426103,
    0.3256115391545614,
    0.32260772359865486
  ],
  "val_recall10": [
    0.45357295870780945,
    0.47200819849967957,
    0.4909229278564453,
    0.5190469622612,
    0.5380113124847412,
    0.5153764486312866,
    0.5420786142349243,
    0.546542763710022,
    0.5506431460380554,
    0.5465593338012695
  ],
  "best_ndcg10": 0.3256115391545614,
  "config": {
    "emb_dim": 32,
    "dropout": 0.1,
    "l2": 0.0001,
    "best_auc": 0.8501667851262925,
    "best_ndcg10": 0.3255298957253738,
    "best_recall10": 0.5510234236717224,
    "tag": "emb32_drop0.1_l21e-04_v2",
    "ablate_user_id": true
  }
}