{
  "epoch": [
    1,
    2,
    3,
    4,
    5,
    6,
    7,
    8,
    9,
    10
  ],
  "train_loss": [
    0.49788566403032286,
    0.3251867680333731,
    0.3190524033674105,
    0.31270483746303346,
    0.304389280714388,
    0.2940108868784792,
    0.27958123209908253,
    0.26674243872325254,
    0.2563541193060049,
    0.2455697865115376
  ],
  "val_auc": [
    0.8080867831602465,
    0.7997573760884008,
    0.7979028251656289,
    0.7994952074312097,
    0.801114876453435,
    0.806498731077289,
    0.8117204194296882,
    0.8125961401463494,
    0.8188973907291786,
    0.8191746659214748
  ],
  "val_ndcg10": [
    0.2659845753858582,
    0.26845022905272725,
    0.26868928920883317,
    0.2709986684374045,
    0.2766949862652402,
    0.289514270099703,
    0.3019261329287011,
    0.3013215781785655,
    0.307071485816434,
    0.30700241001606904
  ],
  "val_recall10": [
    0.4644852876663208,
    0.46807315945625305,
    0.4676102101802826,
    0.4708673655986786,
    0.479878306388855,
    0.49859461188316345,
    0.5139049887657166,
    0.5126318335533142,
    0.5205846428871155,
    0.5186997652053833
  ],
  "best_ndcg10": 0.307071485816434,
  "best_auc": 0.8191746659214748,
  "best_recall10": 0.5205846428871155,
  "config": {
    "emb_dim": 4,
    "dropout": 0.2,
    "l2": 0.0001,
    "lr": 0.001,
    "epochs": 10
  }
}