{
  "epoch": [
    1,
    2,
    3,
    4,
    5,
    6,
    7,
    8,
    9,
    10
  ],
  "train_loss": [
    0.6886134290789055,
    0.3237043782247333,
    0.30645593836551577,
    0.29382633939972075,
    0.28531359229970166,
    0.27969743921531465,
    0.27404950441807274,
    0.26864503623228375,
    0.2623717493311627,
    0.25830751111892264
  ],
  "val_auc": [
    0.7939453297631842,
    0.8118086647510173,
    0.8304764267736636,
    0.8382485805773873,
    0.8382183213383552,
    0.8436375917477857,
    0.8394156922749852,
    0.8381382111622225,
    0.8412309196604694,
    0.8407787716368051
  ],
  "val_ndcg10": [
    0.2619712344576609,
    0.2765509926010867,
    0.29440649046262546,
    0.30453612807270153,
    0.30793666675949255,
    0.3129137440859131,
    0.3151770825749354,
    0.31683804294496987,
    0.3236880351209376,
    0.31778351164009316
  ],
  "val_recall10": [
    0.45858272910118103,
    0.48182931542396545,
    0.508349597454071,
    0.5218742489814758,
    0.5253959894180298,
    0.5350186824798584,
    0.5350848436355591,
    0.5373499393463135,
    0.54827880859375,
    0.5389537215232849
  ],
  "best_ndcg10": 0.3236880351209376,
  "best_auc": 0.8436375917477857,
  "best_recall10": 0.54827880859375,
  "config": {
    "emb_dim": 32,
    "dropout": 0.2,
    "l2": 0.0001,
    "lr": 0.001,
    "epochs": 10
  }
}