{
  "epoch": [
    1,
    2,
    3,
    4,
    5,
    6,
    7,
    8,
    9,
    10
  ],
  "train_loss": [
    0.40409803977162817,
    0.31982018816189506,
    0.31144827428295857,
    0.29802513216424176,
    0.2818138563022839,
    0.2666596475196636,
    0.2528958022594452,
    0.2407154466106197,
    0.2291246357513225,
    0.21881190945548334
  ],
  "val_auc": [
    0.8073557311706617,
    0.8026307589972045,
    0.8085343962872961,
    0.8143794113318036,
    0.8229801753549656,
    0.8279070989950081,
    0.8283755966575856,
    0.8255510148063249,
    0.8330075492807755,
    0.8329385979845891
  ],
  "val_ndcg10": [
    0.2641227847616975,
    0.267500323175426,
    0.2734969593982867,
    0.2951638090542776,
    0.3098676568661904,
    0.3170124216659178,
    0.3180411939496234,
    0.3124337459075259,
    0.3181409327085862,
    0.31819566312297876
  ],
  "val_recall10": [
    0.46375781297683716,
    0.4669322967529297,
    0.47715023159980774,
    0.5095731019973755,
    0.5288846492767334,
    0.5358949899673462,
    0.53705233335495,
    0.5295625329017639,
    0.5396150946617126,
    0.5386891961097717
  ],
  "best_ndcg10": 0.31819566312297876,
  "config": {
    "emb_dim": 8,
    "dropout": 0.2,
    "l2": 0.0001,
    "neg_ratio": 4,
    "epochs": 10,
    "lr": 0.001
  }
}