{
  "epoch": [
    1,
    2,
    3,
    4,
    5,
    6,
    7,
    8,
    9,
    10
  ],
  "train_loss": [
    0.670312130545068,
    0.3263732187860594,
    0.3095301261802358,
    0.2984578967329085,
    0.2918878859422338,
    0.2865731355946834,
    0.28287348292005343,
    0.27916631395891894,
    0.27578705795637265,
    0.2722983198372398
  ],
  "val_auc": [
    0.791374992897555,
    0.8077685716090287,
    0.8258646593857467,
    0.8305489739086466,
    0.8362239609901262,
    0.8288608726857369,
    0.8386446672367347,
    0.8384507424517504,
    0.8376920808634083,
    0.840534142481842
  ],
  "val_ndcg10": [
    0.26021257299025286,
    0.27312441279846267,
    0.2897908447461225,
    0.30099984975484545,
    0.3069075615204087,
    0.30412124669611523,
    0.310171222425575,
    0.3136952007977553,
    0.31724147441645595,
    0.31665149996670083
  ],
  "val_recall10": [
    0.4565986692905426,
    0.4775635600090027,
    0.5013061761856079,
    0.5140206813812256,
    0.5236599445343018,
    0.5204523801803589,
    0.5296452045440674,
    0.5324394106864929,
    0.5391521453857422,
    0.5383419990539551
  ],
  "best_ndcg10": 0.31724147441645595,
  "best_auc": 0.840534142481842,
  "best_recall10": 0.5391521453857422,
  "config": {
    "emb_dim": 32,
    "dropout": 0.4,
    "l2": 0.0001,
    "lr": 0.001,
    "epochs": 10
  }
}