{
  "epoch": [
    1,
    2,
    3,
    4,
    5,
    6,
    7,
    8,
    9,
    10
  ],
  "train_loss": [
    0.6668192409858928,
    0.33205641313331336,
    0.32608190906329415,
    0.3179892096228487,
    0.31297656072406316,
    0.31071282993620775,
    0.3092236360461693,
    0.30868596695070194,
    0.3075691631694478,
    0.30709782395306534
  ],
  "val_auc": [
    0.8097002618243344,
    0.818966071241912,
    0.8273233235032864,
    0.8369693170775001,
    0.8425990210745277,
    0.8401767426414756,
    0.8453063799920362,
    0.8472855950421265,
    0.8492373197178145,
    0.8496369990791297
  ],
  "val_ndcg10": [
    0.2567303620406247,
    0.26123285000305463,
    0.2721320042705235,
    0.28233726740129433,
    0.2912121420545759,
    0.2880505277019497,
    0.29140491728176193,
    0.29619677137905515,
    0.29869127798778383,
    0.300936361776612
  ],
  "val_recall10": [
    0.4528619945049286,
    0.4599880874156952,
    0.47501736879348755,
    0.4894183278083801,
    0.50297611951828,
    0.49809861183166504,
    0.5039185285568237,
    0.5072583556175232,
    0.5116894245147705,
    0.5128964185714722
  ],
  "best_ndcg10": 0.300936361776612,
  "best_auc": 0.8496369990791297,
  "best_recall10": 0.5128964185714722,
  "config": {
    "emb_dim": 32,
    "dropout": 0.3,
    "l2": 0.001,
    "lr": 0.001,
    "epochs": 10
  }
}