{
  "epoch": [
    1,
    2,
    3,
    4,
    5,
    6,
    7,
    8,
    9,
    10
  ],
  "train_loss": [
    0.5527179599042953,
    0.32481951753454885,
    0.31559240172697806,
    0.30192255633553183,
    0.2885705901412513,
    0.2778613295142106,
    0.2675276183354573,
    0.25822578857498846,
    0.2509943063803545,
    0.24300557069891082
  ],
  "val_auc": [
    0.8049334642632474,
    0.8076528478061867,
    0.8144032778485676,
    0.825775753226215,
    0.8278770071621355,
    0.8315860141462138,
    0.8401238038330686,
    0.8291868677066151,
    0.8384486157810718,
    0.8355745613395771
  ],
  "val_ndcg10": [
    0.262929068383341,
    0.26474571139187747,
    0.2776216062403104,
    0.29569540984148757,
    0.30957474037493427,
    0.31613422491228,
    0.3184316440269797,
    0.3188839320782507,
    0.3180463167507434,
    0.32040020774428424
  ],
  "val_recall10": [
    0.46119505167007446,
    0.46514666080474854,
    0.4821765124797821,
    0.5098211169242859,
    0.5283059477806091,
    0.5376145243644714,
    0.5428226590156555,
    0.5397804379463196,
    0.543665885925293,
    0.5449720621109009
  ],
  "best_ndcg10": 0.32040020774428424,
  "config": {
    "emb_dim": 16,
    "dropout": 0.2,
    "l2": 0.0001,
    "epochs": 10
  }
}