{
  "epoch": [
    1,
    2,
    3,
    4,
    5,
    6,
    7,
    8,
    9,
    10
  ],
  "train_loss": [
    0.6670702355583822,
    0.3308213790805321,
    0.3213750480666874,
    0.3123299565136902,
    0.3065232232095688,
    0.30185138428305075,
    0.29883604220987303,
    0.2964955432208504,
    0.29392591916670013,
    0.2925415802893676
  ],
  "val_auc": [
    0.8049692018112712,
    0.8153797698247627,
    0.826181949035061,
    0.835823143688853,
    0.8420383012955355,
    0.838917674875298,
    0.8507614780422026,
    0.8498309853387838,
    0.8497501878105115,
    0.8513482967689268
  ],
  "val_ndcg10": [
    0.2584521191847341,
    0.2638008618140061,
    0.2790903281186492,
    0.28758594574328245,
    0.30019315387941015,
    0.295668060276706,
    0.3087118232124468,
    0.31237985183137035,
    0.3123255795183913,
    0.31840376397628356
  ],
  "val_recall10": [
    0.45499488711357117,
    0.4637908935546875,
    0.481366366147995,
    0.4951225221157074,
    0.5123177170753479,
    0.5086802840232849,
    0.5263383984565735,
    0.5290003418922424,
    0.5311828255653381,
    0.5373334288597107
  ],
  "best_ndcg10": 0.31840376397628356,
  "best_auc": 0.8513482967689268,
  "best_recall10": 0.5373334288597107,
  "config": {
    "emb_dim": 32,
    "dropout": 0.2,
    "l2": 0.0005,
    "lr": 0.001,
    "epochs": 10
  }
}