{
  "epoch": [
    1,
    2,
    3,
    4,
    5,
    6,
    7,
    8,
    9,
    10
  ],
  "train_loss": [
    0.6680259316220997,
    0.3338739791019695,
    0.3293054484006927,
    0.3267712993180658,
    0.3233132294313176,
    0.3187225234555447,
    0.31557403950709995,
    0.31378135202437873,
    0.3121392553246866,
    0.311295705282782
  ],
  "val_auc": [
    0.8085422089355413,
    0.8159412573040028,
    0.8164539115014087,
    0.8218226504447546,
    0.8295584802763413,
    0.831776070955915,
    0.8405249436312929,
    0.8434407111172052,
    0.8442505268653308,
    0.844998018465044
  ],
  "val_ndcg10": [
    0.2564710376582117,
    0.2599776498418774,
    0.26229088789842625,
    0.2668810308385897,
    0.27695074524398733,
    0.27865769050778455,
    0.28626443788365835,
    0.2897553401548343,
    0.2920619367521259,
    0.2936685297454116
  ],
  "val_recall10": [
    0.4521014392375946,
    0.45683014392852783,
    0.4579213559627533,
    0.46513012051582336,
    0.4838795065879822,
    0.48483845591545105,
    0.4959326684474945,
    0.499239444732666,
    0.5034224987030029,
    0.5031744837760925
  ],
  "best_ndcg10": 0.2936685297454116,
  "best_auc": 0.844998018465044,
  "best_recall10": 0.5034224987030029,
  "config": {
    "emb_dim": 32,
    "dropout": 0.5,
    "l2": 0.001,
    "lr": 0.001,
    "epochs": 10
  }
}