{
  "epoch": [
    1,
    2,
    3,
    4,
    5,
    6,
    7,
    8,
    9,
    10
  ],
  "train_loss": [
    0.6712247603756236,
    0.3291905302935698,
    0.31462456579283465,
    0.3057579584713057,
    0.3015001615670722,
    0.2976666671319271,
    0.2945347196004522,
    0.2919782151387432,
    0.2886154250366481,
    0.2860601242837005
  ],
  "val_auc": [
    0.787930336320861,
    0.8018640725662827,
    0.8179953541596848,
    0.8167123458188605,
    0.8285632870307615,
    0.8282556977159703,
    0.8332196965324324,
    0.8369276317592274,
    0.8363042389810896,
    0.8377433883854142
  ],
  "val_ndcg10": [
    0.25911104261251083,
    0.2697231086309228,
    0.2819497472766217,
    0.2843950921627203,
    0.2982917590589038,
    0.29605557916402636,
    0.30020117497700594,
    0.30727433319228964,
    0.3077724370573934,
    0.30998273387286845
  ],
  "val_recall10": [
    0.4557223618030548,
    0.4712311029434204,
    0.48845937848091125,
    0.49247708916664124,
    0.511987030506134,
    0.5108792781829834,
    0.5166826248168945,
    0.5233623385429382,
    0.5251314640045166,
    0.5281406044960022
  ],
  "best_ndcg10": 0.30998273387286845,
  "best_auc": 0.8377433883854142,
  "best_recall10": 0.5281406044960022,
  "config": {
    "emb_dim": 32,
    "dropout": 0.5,
    "l2": 0.0001,
    "lr": 0.001,
    "epochs": 10
  }
}