{
  "epoch": [
    1,
    2,
    3,
    4,
    5,
    6,
    7,
    8,
    9,
    10
  ],
  "train_loss": [
    0.6673928568447669,
    0.3299994169492421,
    0.32256213112140264,
    0.31182700454250095,
    0.3053508878458203,
    0.30018359000288597,
    0.2960924256270326,
    0.2937487904715726,
    0.2913812878798312,
    0.28984754726173373
  ],
  "val_auc": [
    0.8044760308897577,
    0.8145774965848108,
    0.8253493600047932,
    0.8381798771431592,
    0.8418068351615745,
    0.8406114792123597,
    0.8519546803926079,
    0.8523164293497849,
    0.8533537784959797,
    0.8497331334702537
  ],
  "val_ndcg10": [
    0.2573360992493351,
    0.2630617818691136,
    0.2770565013689688,
    0.2907658375099866,
    0.3007388127416464,
    0.29879674678758006,
    0.31239848476668886,
    0.3151473893857669,
    0.3189900218475878,
    0.3212507511954863
  ],
  "val_recall10": [
    0.4529612064361572,
    0.46207135915756226,
    0.4803743362426758,
    0.49897488951683044,
    0.5142852663993835,
    0.5135908126831055,
    0.5314639210700989,
    0.5327370166778564,
    0.5402598977088928,
    0.5412850379943848
  ],
  "best_ndcg10": 0.3212507511954863,
  "best_auc": 0.8533537784959797,
  "best_recall10": 0.5412850379943848,
  "config": {
    "emb_dim": 32,
    "dropout": 0.1,
    "l2": 0.0005,
    "lr": 0.001,
    "epochs": 10
  }
}