{
  "epoch": [
    1,
    2,
    3,
    4,
    5,
    6,
    7,
    8,
    9,
    10
  ],
  "train_loss": [
    0.6670034369380455,
    0.314709463105427,
    0.2898921173388564,
    0.2666357037002646,
    0.24505102968826067,
    0.22679614463425057,
    0.2119148038621024,
    0.19984631040903528,
    0.18943747256215163,
    0.1801261454233973
  ],
  "val_auc": [
    0.7878253588469604,
    0.8001579010874635,
    0.8123735510397417,
    0.8163153417640401,
    0.8209360406485793,
    0.822125952664141,
    0.828495723960907,
    0.8289999387821195,
    0.8243749741773458,
    0.8252104160624976
  ],
  "val_ndcg10": [
    0.2633860701908577,
    0.27782945512195656,
    0.2905201297887795,
    0.2934021844004221,
    0.2896916689238355,
    0.2906531934471003,
    0.2877421959316809,
    0.2930908784635313,
    0.2870110591930395,
    0.28712657475219133
  ],
  "val_recall10": [
    0.4611620008945465,
    0.4854336678981781,
    0.501355767250061,
    0.5048278570175171,
    0.5038193464279175,
    0.5044475793838501,
    0.5073245167732239,
    0.5114083290100098,
    0.5069607496261597,
    0.5006778836250305
  ],
  "best_ndcg10": 0.2934021844004221,
  "best_auc": 0.8289999387821195,
  "best_recall10": 0.5114083290100098,
  "config": {
    "emb_dim": 32,
    "dropout": 0.2,
    "l2": 1e-05,
    "lr": 0.001,
    "epochs": 10
  }
}