{
  "epoch": [
    1,
    2,
    3,
    4,
    5,
    6,
    7,
    8,
    9,
    10
  ],
  "train_loss": [
    0.4040419036947836,
    0.3196825447279637,
    0.3112509399652481,
    0.2978335200097617,
    0.2815338144386847,
    0.26620487569589313,
    0.252548448624104,
    0.24053268216726348,
    0.2295701722577801,
    0.21953917165675502
  ],
  "val_auc": [
    0.8074160006877729,
    0.8034727551651261,
    0.8096203262834266,
    0.8156195509193309,
    0.8240107119132216,
    0.8276943774357925,
    0.8297258463665658,
    0.8246705793141286,
    0.8307903779864074,
    0.8318759705856488
  ],
  "val_ndcg10": [
    0.2642046149181392,
    0.26746903966841756,
    0.2741253487119486,
    0.29545049312095073,
    0.3104376833509525,
    0.3157841239068183,
    0.31841969151331684,
    0.31312977138460824,
    0.31780534053286486,
    0.3193381004327639
  ],
  "val_recall10": [
    0.4640388786792755,
    0.46658509969711304,
    0.4779438376426697,
    0.510631263256073,
    0.528636634349823,
    0.5347541570663452,
    0.5381435751914978,
    0.5296452045440674,
    0.537366509437561,
    0.5392513275146484
  ],
  "best_ndcg10": 0.3193381004327639,
  "best_auc": 0.8318759705856488,
  "best_recall10": 0.5392513275146484,
  "config": {
    "emb_dim": 8,
    "dropout": 0.2,
    "l2": 0.0001,
    "lr": 0.001,
    "epochs": 10
  }
}