{
  "epoch": [
    1,
    2,
    3,
    4,
    5,
    6,
    7,
    8,
    9,
    10
  ],
  "train_loss": [
    0.48148168846378175,
    0.35135443684622997,
    0.3305516837854085,
    0.3243863371413524,
    0.3223331591745061,
    0.3215845678969631,
    0.3212384805669935,
    0.32108403894844956,
    0.3210263834224911,
    0.3209367275942029
  ],
  "val_auc": [
    0.793839752315505,
    0.8250511273512166,
    0.8295273261270465,
    0.829810899420378,
    0.8297407223392144,
    0.8295918302667084,
    0.829673996012982,
    0.8297754976980675,
    0.8300104115826727,
    0.8298874866006276
  ],
  "val_ndcg10": [
    0.23753335519700353,
    0.2660816492867195,
    0.2713475490583802,
    0.27179046128454587,
    0.2721600322518692,
    0.2721416409919105,
    0.27215654455604354,
    0.27223868857912,
    0.272226513952727,
    0.2719613639252573
  ],
  "val_recall10": [
    0.4366588294506073,
    0.47733208537101746,
    0.4786878824234009,
    0.47577792406082153,
    0.47538110613822937,
    0.4751165509223938,
    0.4754968285560608,
    0.47528189420700073,
    0.4750669598579407,
    0.474719762802124
  ]
}