{
  "epoch": [
    1,
    2,
    3,
    4,
    5,
    6,
    7,
    8,
    9,
    10
  ],
  "train_loss": [
    0.45946090439642506,
    0.3480432338601961,
    0.32970716059207916,
    0.3240598573928743,
    0.3222045919557256,
    0.321524791830168,
    0.3212245263921933,
    0.3210892927224242,
    0.3210658976646859,
    0.32091197805611166
  ],
  "val_auc": [
    0.8025274479112637,
    0.8262824530511199,
    0.8300852753459749,
    0.8303302927939827,
    0.8301641451492184,
    0.829945212317831,
    0.8299542057613042,
    0.8299794930241494,
    0.8301387004484823,
    0.8302167398866906
  ],
  "val_ndcg10": [
    0.25275316260457825,
    0.27166103281392606,
    0.27436922446314166,
    0.2734159208218517,
    0.2726530229034873,
    0.2723952879556416,
    0.2721089483258999,
    0.2720241581793362,
    0.2720168809052029,
    0.27199600639719707
  ],
  "val_recall10": [
    0.4566482603549957,
    0.4802916646003723,
    0.4819781184196472,
    0.47872093319892883,
    0.47632354497909546,
    0.47564566135406494,
    0.47514963150024414,
    0.4750504195690155,
    0.4751165509223938,
    0.4748685657978058
  ]
}