{
  "epoch": [
    1,
    2,
    3,
    4,
    5,
    6,
    7,
    8,
    9,
    10
  ],
  "train_loss": [
    0.5017036223036098,
    0.38727485851978694,
    0.363872622763078,
    0.35427720234619353,
    0.34966029496643486,
    0.34708337274592693,
    0.34547367152266617,
    0.34432813701197856,
    0.34347123799361584,
    0.34285512672165247
  ],
  "val_auc": [
    0.7693752100640727,
    0.779282011140864,
    0.782204499953976,
    0.7837168586072035,
    0.7842855029386077,
    0.7848618733876133,
    0.7851650524588473,
    0.7851221006210003,
    0.7850827117818904,
    0.7853671433293179
  ],
  "val_ndcg10": [
    0.2685029717647875,
    0.2685223823759348,
    0.2688255241189898,
    0.26849995156758466,
    0.26810703902942123,
    0.2683046775800958,
    0.26809962370841184,
    0.2678177275988988,
    0.26770672649302135,
    0.26769087753775006
  ],
  "val_recall10": [
    0.4659237563610077,
    0.46489864587783813,
    0.46620482206344604,
    0.46608906984329224,
    0.465609610080719,
    0.46595680713653564,
    0.4657253324985504,
    0.4654938578605652,
    0.4651797115802765,
    0.465097039937973
  ]
}